"Anti-Spam Desktop 6.7.0 クイック スタート ガイド",https://techdocs.sonicwall.com/wp-content/uploads/pdf/232-003948-00_RevA_AntiSpam_Desktop_6.7.0_QuickStartGuide_ja-jp.pdf,"Quick Start Guide",Japanese,,,"Email Security","Email Security (on-premises)",
"Secure Mobile Access SMA 500v Virtual Appliance 8.6 導入ガイド","https://techdocs.sonicwall.com/wp-content/uploads/pdf/232-003920-00_RevA_SMA 500v_8.6_GSG_ja-jp.pdf","Gettting Started Guide",Japanese,,,"Secure Remote Access","SMA 100 Series",
"SonicOS 5.9 アップグレード ガイド",https://techdocs.sonicwall.com/wp-content/uploads/pdf/232-002259-01_RevA_SonicOS_5.9_UpgradeGuide_ja-jp.pdf,"Upgrade Guide",Japanese,,,Firewalls,"SonicOS, TZ Series, NSA Series, NSa Series ",
"SonicOS 6.2 アップグレード ガイド",https://techdocs.sonicwall.com/wp-content/uploads/pdf/232-002695-01_RevA_SonicOS_6.2_UpgradeGuide_ja-jp.pdf,"Upgrade Guide",Japanese,,,Firewalls,"SonicOS, TZ Series, NSA Series, NSa Series ",
"X シリーズ ソリューション配備ガイド",https://techdocs.sonicwall.com/wp-content/uploads/pdf/232-003911-00_RevA_SonicOS_6.2_X-Series_Solution_DeploymentGuide_ja-jp.pdf,"Deployment Guide",Japanese,,,Firewalls,"SonicOS, TZ Series, NSA Series, NSa Series ",
"グローバル VPN クライアント 4.10 導入ガイド",https://techdocs.sonicwall.com/wp-content/uploads/pdf/232-003940-00_RevA_GlobalVPNClient_4.10_GettingStartedGuide_ja-jp.pdf,"Gettting Started Guide",Japanese,,,"Secure Remote Access","VPN Client",
"グローバル VPN クライアント 4.10 管理ガイド",https://techdocs.sonicwall.com/wp-content/uploads/pdf/232-003872-00_RevA_GlobalVPNClient_4.10_AdminGuide_ja-jp.pdf,"Admin Guide",Japanese,,,"Secure Remote Access","VPN Client",
"コンテンツ フィルタ クライアント 3.1 エージェント ガイド",https://techdocs.sonicwall.com/wp-content/uploads/pdf/232-003861-00_RevA_CFC_3.1_AgentGuide_ja-jp.pdf,"Agent Guide",Japanese,,,"Endpoint Security","Content Filtering Client",
"コンテンツ フィルタ クライアント 3.1 導入ガイド",https://techdocs.sonicwall.com/wp-content/uploads/pdf/232-003860-00_RevA_CFC_3.1_GettingStartedGuide_ja-jp.pdf,"Gettting Started Guide",Japanese,,,"Endpoint Security","Content Filtering Client",
"強制クライアント ポリシーおよびレポート サーバ 2.3 管理ガイド",https://techdocs.sonicwall.com/wp-content/uploads/pdf/232-003857-00_RevA_EPRS_2.3_AdministrationGuide_ja-jp.pdf,"Admin Guide",Japanese,,,Firewalls,"SonicOS, TZ Series, NSA Series, NSa Series ",
"SOHO 250W クイック スタート ガイド",https://techdocs.sonicwall.com/wp-content/uploads/pdf/232-004634-51_RevA_SOHO_250w_QuickStartGuide_ja-jp.pdf,"Quick Start Guide",Japanese,,,Firewalls,"SonicOS, TZ Series",
"TZ350 W クイック スタート ガイド",https://techdocs.sonicwall.com/wp-content/uploads/pdf/232-004639-51_RevA_TZ350W_QuickStartGuide_ja-jp.pdf,"Quick Start Guide",Japanese,,,Firewalls,"SonicOS, TZ Series",
"SonicWave 231o 安全性、規定、および法令に関する情報",https://techdocs.sonicwall.com/wp-content/uploads/pdf/232-004769-50_RevA_SonicWave231o_RegulatoryLegal_ja-jp.pdf,"Regulatory Guide",Japanese,,,"Secure Wireless Products","SonicWave 200 Series",
"SonicWave 231o クイック スタート ガイド",https://techdocs.sonicwall.com/wp-content/uploads/pdf/232-004488-50_RevA_SonicWave_231o_QuickStartCard_ja-jp.pdf,"Quick Start Guide",Japanese,,,"Secure Wireless Products","SonicWave 200 Series",
"SonicWave 231c 安全性、規定、および法令に関する情報",https://techdocs.sonicwall.com/wp-content/uploads/pdf/232-004764-50_RevA_SonicWave231c_RegulatoryLegal_ja-jp.pdf,"Regulatory Guide",Japanese,,,"Secure Wireless Products","SonicWave 200 Series",
"SonicWave 231c クイック スタート ガイド",https://techdocs.sonicwall.com/wp-content/uploads/pdf/232-004483-50_RevA_SonicWave_231c_QuickStartCard_ja-jp.pdf,"Quick Start Guide",Japanese,,,"Secure Wireless Products","SonicWave 400 Series",
"SonicWave 224w 安全性、規定、および法令に関する情報",https://techdocs.sonicwall.com/wp-content/uploads/pdf/232-004759-50_RevA_SonicWave224w_RegulatoryLegal_ja-jp.pdf,"Regulatory Guide",Japanese,,,"Secure Wireless Products","SonicWave 400 Series",
"SonicWave 224w クイック スタート ガイド",https://techdocs.sonicwall.com/wp-content/uploads/pdf/232-004478-50_RevA_SonicWave_224w_QuickStartCard_ja-jp.pdf,"Quick Start Guide",Japanese,,,"Secure Wireless Products","SonicWave 400 Series",
"Capture Client 2.0 操作ガイド",https://techdocs.sonicwall.com/wp-content/uploads/pdf/232-004865-00_RevA_CaptureClient_2.0_Operations_JPN.pdf,"Operations Guide",Japanese,,,"Endpoint Security","Capture Client",
管理、レポートおよび分析の導入,https://techdocs.sonicwall.com/wp-content/uploads/pdf/232-005020-00_RevA_CSC-MA_1.5_GSG.ja-jp.pdf,"Gettting Started Guide",Japanese,,,"Firewall Management and Analytics","CSC Firewall Management",
"SonicOS 6.5 アップグレード ガイド",https://techdocs.sonicwall.com/wp-content/uploads/pdf/232-004142-04_RevB_SonicOS_6.5_UpgradeGuide_ja-jp.pdf,"Upgrade Guide",Japanese,,,Firewalls,"SonicOS, TZ Series, NSA Series, NSa Series ",
"Secure Mobile Access 9.0 管理ガイド",https://techdocs.sonicwall.com/wp-content/uploads/pdf/232-004629-00_RevA_SMA_9.0_AdminGuide_ja-jp.pdf,"Admin Guide",Japanese,,,"Secure Remote Access","SMA 100 Series",
"Secure Mobile Access 9.0 ユーザ ガイド",https://techdocs.sonicwall.com/wp-content/uploads/pdf/232-004630-00_RevA_SMA_9.0_UserGuide_ja-jp.pdf,"User Guide",Japanese,,,"Secure Remote Access","SMA 100 Series",
"SMA 210/410 クイック スタート ガイド",https://techdocs.sonicwall.com/wp-content/uploads/pdf/232-005004-50_RevA_SMA_210_410_QuickStartGuide.ja-JP.pdf,"Quick Start Guide",Japanese,,,"Secure Remote Access","SMA 100 Series",
"SMA 210/410 展開ガイド",https://techdocs.sonicwall.com/wp-content/uploads/pdf/232-005056-00_RevA_SMA_210-410_DeploymentGuide.ja-jp.pdf,"Deployment Guide",Japanese,,,"Secure Remote Access","SMA 100 Series",
"SonicWave 432o 安全性、規定、および法令に関する情報",https://techdocs.sonicwall.com/wp-content/uploads/pdf/232-004824-50_RevA_SonicWave432o_RegulatoryLegal_ja-jp.pdf,"Regulatory Guide",Japanese,,,"Secure Wireless Products","SonicWave 400 Series",
"SonicWave 432o クイック スタート ガイド",https://techdocs.sonicwall.com/wp-content/uploads/pdf/232-004809-50_RevA_SonicWave_432o_QuickStartCard_ja-jp.pdf,"Quick Start Guide",Japanese,,,"Secure Wireless Products","SonicWave 400 Series",
"SonicWave 432i 安全性、規定、および法令に関する情報",https://techdocs.sonicwall.com/wp-content/uploads/pdf/232-004814-51_RevA_SonicWave432i_RegulatoryLegal_ja-jp.pdf,"Regulatory Guide",Japanese,,,"Secure Wireless Products","SonicWave 400 Series",
"SonicWave 432i クイック スタート ガイド",https://techdocs.sonicwall.com/wp-content/uploads/pdf/232-004799-51_RevA_SonicWave_432i_QuickStartCard_ja-jp.pdf,"Quick Start Guide",Japanese,,,"Secure Wireless Products","SonicWave 400 Series",
"SonicWave 432e 安全性、規定、および法令に関する情報",https://techdocs.sonicwall.com/wp-content/uploads/pdf/232-004819-51_RevA_SonicWave432e_RegulatoryLegal_ja-jp.pdf,"Regulatory Guide",Japanese,,,"Secure Wireless Products","SonicWave 400 Series",
"SonicWave 432e クイック スタート ガイド",https://techdocs.sonicwall.com/wp-content/uploads/pdf/232-004804-51_RevA_SonicWave_432e_QuickStartCard_ja-jp.pdf,"Quick Start Guide",Japanese,,,"Secure Wireless Products","SonicWave 400 Series",
ゼロタッチ展開ガイド,https://techdocs.sonicwall.com/wp-content/uploads/pdf/232-005021-00_RevA_Zero-Touch_DeploymentGuide.ja-jp.pdf,"Deployment Guide",Japanese,,,Firewalls,"SonicOS, TZ Series, NSA Series, NSa Series ",
"Secure Mobile Access 10.0 アップグレード ガイド",https://techdocs.sonicwall.com/wp-content/uploads/pdf/232-005080-00_RevB_SMA_10.0_UpgradeGuide.ja-jp.pdf,"Upgrade Guide",Japanese,,,"Secure Remote Access","SMA 100 Series",
"Hyper-V 用 Secure Mobile Access SMA 500v 仮想装置 10.0 導入ガイド","https://techdocs.sonicwall.com/wp-content/uploads/pdf/232-005083-00_RevB_SMA_10.0_500vfor HyperV_GettingStartedGuide.ja-JP.pdf","Gettting Started Guide",Japanese,,,"Secure Remote Access","SMA 100 Series",
"ESXi 用 Secure Mobile Access SMA 500v 仮想装置 10.0 導入ガイド",https://techdocs.sonicwall.com/wp-content/uploads/pdf/232-005084-00_RevA_SMA500v_for_ESXi_10.0_GettingStartedGuide.ja-jp.pdf,"Gettting Started Guide",Japanese,,,"Secure Remote Access","SMA 100 Series",
