"NSa 9250/9450/9650 快速入門指南",https://techdocs.sonicwall.com/wp-content/uploads/pdf/232-004359-00_RevA_NSa_9250-9450-9650_QuickStartGuide_zh-tw.pdf,"Quick Start Guide","Chinese (Traditional)",,,Firewalls,"NSa Series",
"NSa 4650/5650/6650 快速入門指南",https://techdocs.sonicwall.com/wp-content/uploads/pdf/232-004354-00_RevA_NSa_4650-5650-6650_QuickStartGuide_zh-tw.pdf,"Quick Start Guide","Chinese (Traditional)",,,Firewalls,"NSa Series",
"NSa 2650/3650 快速入門指南",https://techdocs.sonicwall.com/wp-content/uploads/pdf/232-004251-00_RevA_NSA_2650-3650_QuickStartGuide_zh-tw.pdf,"Quick Start Guide","Chinese (Traditional)",,,Firewalls,"NSA Series",
"SOHO 快速入門指南",https://techdocs.sonicwall.com/wp-content/uploads/pdf/232-002835-54_RevA_SOHO_QuickStartGuide_zh-tw.pdf,"Quick Start Guide","Chinese (Traditional)",,,Firewalls,"TZ Series",
"SOHO W 快速入門指南",https://techdocs.sonicwall.com/wp-content/uploads/pdf/232-002940-52_RevA_SOHO_Wireless_QuickStartGuide_zh-tw.pdf,"Quick Start Guide","Chinese (Traditional)",,,Firewalls,"TZ Series",
"TZ300 / TZ300 W 快速入門指南",https://techdocs.sonicwall.com/wp-content/uploads/pdf/232-002941-52_RevA_TZ300_300W_QuickStartGuide_zh-tw.pdf,"Quick Start Guide","Chinese (Traditional)",,,Firewalls,"TZ Series",
"TZ400 / TZ400 W 快速入門指南",https://techdocs.sonicwall.com/wp-content/uploads/pdf/232-002942-52_RevA_TZ400_400W_QuickStartGuide_zh-tw.pdf,"Quick Start Guide","Chinese (Traditional)",,,Firewalls,"TZ Series",
"TZ500 / TZ500 W 快速入門指南",https://techdocs.sonicwall.com/wp-content/uploads/pdf/232-002943-52_RevA_TZ500_500W_QuickStartGuide_zh-tw.pdf,"Quick Start Guide","Chinese (Traditional)",,,Firewalls,"TZ Series",
"TZ600 快速入門指南",https://techdocs.sonicwall.com/wp-content/uploads/pdf/232-002852-53_RevA_TZ600_QuickStartGuide_zh-tw.pdf,"Quick Start Guide","Chinese (Traditional)",,,Firewalls,"TZ Series",
"SOHO 250 與 SOHO 250W 快速入門指南",https://techdocs.sonicwall.com/wp-content/uploads/pdf/232-004638-50_RevA_SOHO_250_250w_QuickStartGuide_zh-tw.pdf,"Quick Start Guide","Chinese (Traditional)",,,Firewalls,"TZ Series",
"TZ350 與 TZ350 W 快速入門指南",https://techdocs.sonicwall.com/wp-content/uploads/pdf/232-004643-50_RevA_TZ350_350W_QuickStartGuide_zh-tw.pdf,"Quick Start Guide","Chinese (Traditional)",,,Firewalls,"TZ Series",
"TZ300P/TZ600P 快速入門指南",https://techdocs.sonicwall.com/wp-content/uploads/pdf/232-004588-50_RevB_TZ300P-TZ600P_QuickStartGuide_zh-tw.pdf,"Quick Start Guide","Chinese (Traditional)",,,Firewalls,"TZ Series",
"X 系列解決方案部署指南",https://techdocs.sonicwall.com/wp-content/uploads/pdf/232-003913-00_RevA_SonicOS_6.2_X-Series_Solution_DeploymentGuide_zh-tw.pdf,"Deployment Guide","Chinese (Traditional)",,,Firewalls,"SonicOS, TZ Series, NSA Series, NSa Series ",
"SonicOS 6.5 快速設定",https://techdocs.sonicwall.com/wp-content/uploads/pdf/232-004129-00_RevA_SonicOS_6.5_Quick_Configuration_zh-tw.pdf,"Admin Guide","Chinese (Traditional)",,,Firewalls,"SonicOS, TZ Series, NSA Series, NSa Series, NSsp Series, SuperMassive ",
"SonicOS 6.5 原則",https://techdocs.sonicwall.com/wp-content/uploads/pdf/232-004130-00_RevA_SonicOS_6.5_Policies_zh-tw.pdf,"Admin Guide","Chinese (Traditional)",,,Firewalls,"SonicOS, TZ Series, NSA Series, NSa Series, NSsp Series, SuperMassive ",
"SonicOS 6.5 記錄和報告",https://techdocs.sonicwall.com/wp-content/uploads/pdf/232-004131-00_RevA_SonicOS_6.5_Logs_and_Reporting_zh-tw.pdf,"Admin Guide","Chinese (Traditional)",,,Firewalls,"SonicOS, TZ Series, NSA Series, NSa Series, NSsp Series, SuperMassive ",
"SonicOS 6.5 連線能力",https://techdocs.sonicwall.com/wp-content/uploads/pdf/232-004132-00_RevB_SonicOS_6.5_Connectivity_zh-tw.pdf,"Admin Guide","Chinese (Traditional)",,,Firewalls,"SonicOS, TZ Series, NSA Series, NSa Series, NSsp Series, SuperMassive ",
"SonicOS 6.5 系統安裝",https://techdocs.sonicwall.com/wp-content/uploads/pdf/232-004133-00_RevA_SonicOS_6.5_System_Setup_zh-tw.pdf,"Admin Guide","Chinese (Traditional)",,,Firewalls,"SonicOS, TZ Series, NSA Series, NSa Series, NSsp Series, SuperMassive ",
"SonicOS 6.5 安全設定",https://techdocs.sonicwall.com/wp-content/uploads/pdf/232-004134-00_RevB_SonicOS_6.5_Security_Configuration_zh-tw.pdf,"Admin Guide","Chinese (Traditional)",,,Firewalls,"SonicOS, TZ Series, NSA Series, NSa Series, NSsp Series, SuperMassive ",
"SonicOS 6.5 監控",https://techdocs.sonicwall.com/wp-content/uploads/pdf/232-004135-00_RevA_SonicOS_6.5_Monitoring_zh-tw.pdf,"Admin Guide","Chinese (Traditional)",,,Firewalls,"SonicOS, TZ Series, NSA Series, NSa Series, NSsp Series, SuperMassive ",
"SonicOS 6.5 調查",https://techdocs.sonicwall.com/wp-content/uploads/pdf/232-004136-00_RevA_SonicOS_6.5_Investigation_zh-tw.pdf,"Admin Guide","Chinese (Traditional)",,,Firewalls,"SonicOS, TZ Series, NSA Series, NSa Series, NSsp Series, SuperMassive ",
"SonicOS 6.5 更新",https://techdocs.sonicwall.com/wp-content/uploads/pdf/232-004137-00_RevA_SonicOS_6.5_Update_zh-tw.pdf,"Admin Guide","Chinese (Traditional)",,,Firewalls,"SonicOS, TZ Series, NSA Series, NSa Series, NSsp Series, SuperMassive ",
"SonicOS 6.5 關於SonicOS",https://techdocs.sonicwall.com/wp-content/uploads/pdf/232-004138-00_RevA_SonicOS_6.5_About_zh-tw.pdf,"Admin Guide","Chinese (Traditional)",,,Firewalls,"SonicOS, TZ Series, NSA Series, NSa Series, NSsp Series, SuperMassive ",
"SonicOS 6.5 升級指南",https://techdocs.sonicwall.com/wp-content/uploads/pdf/232-004146-00_RevB_SonicOS_6.5_UpgradeGuide_zh-tw.pdf,"Upgrade Guide","Chinese (Traditional)",,,Firewalls,"SonicOS, TZ Series, NSA Series, NSa Series, NSsp Series, SuperMassive ",
"SonicOS 6.5.1 記錄事件 參考指南",https://techdocs.sonicwall.com/wp-content/uploads/pdf/232-004050-00_RevA_SonicOS_6.2.5_6.2.7_6.2.9_LogEvents_ReferenceGuide_zh-tw.pdf,"Reference Guide","Chinese (Traditional)",,,Firewalls,"SonicOS, TZ Series, NSA Series, NSa Series, NSsp Series, SuperMassive ",
"SonicPoint ACe 快速入門指南",https://techdocs.sonicwall.com/wp-content/uploads/pdf/232-002795-54_RevA_SonicPointACe_GettingStartedGuide_zh-tw.pdf,"Gettting Started Guide","Chinese (Traditional)",,,"Secure Wireless Products","SonicPoint Series",
"SonicPoint ACi 快速入門指南",https://techdocs.sonicwall.com/wp-content/uploads/pdf/232-002796-55_RevA_SonicPointACi_GettingStartedGuide_zh-tw.pdf,"Gettting Started Guide","Chinese (Traditional)",,,"Secure Wireless Products","SonicPoint Series",
"SonicPoint N2 快速入門指南",https://techdocs.sonicwall.com/wp-content/uploads/pdf/232-002797-53_RevA_SonicPointN2_GettingStartedGuide_zh-tw.pdf,"Gettting Started Guide","Chinese (Traditional)",,,"Secure Wireless Products","SonicPoint Series",
"SonicWave 432o 快速入門指南",https://techdocs.sonicwall.com/wp-content/uploads/pdf/232-004811-50_RevA_SonicWave_432o_QuickStartCard_zh-tw.pdf,"Quick Start Guide","Chinese (Traditional)",,,"Secure Wireless Products","SonicWave 400 Series",
"SonicWave 432i 安全、規範和法律資訊",https://techdocs.sonicwall.com/wp-content/uploads/pdf/232-004818-51_RevA_SonicWave432i_RegulatoryLegal_zh-tw.pdf,"Regulatory Guide","Chinese (Traditional)",,,"Secure Wireless Products","SonicWave 400 Series",
"SonicWave 432i 快速入門指南",https://techdocs.sonicwall.com/wp-content/uploads/pdf/232-004801-51_RevA_SonicWave_432i_QuickStartCard_zh-tw.pdf,"Quick Start Guide","Chinese (Traditional)",,,"Secure Wireless Products","SonicWave 400 Series",
"SonicWave 432e 安全、規範和法律資訊",https://techdocs.sonicwall.com/wp-content/uploads/pdf/232-004823-51_RevA_SonicWave432e_RegulatoryLegal_zh-tw.pdf,"Regulatory Guide","Chinese (Traditional)",,,"Secure Wireless Products","SonicWave 400 Series",
"SonicWave 432e 快速入門指南",https://techdocs.sonicwall.com/wp-content/uploads/pdf/232-004806-51_RevA_SonicWave_432e_QuickStartCard_zh-tw.pdf,"Quick Start Guide","Chinese (Traditional)",,,"Secure Wireless Products","SonicWave 400 Series",
"SonicWave 231o 安全、規範和法律資訊",https://techdocs.sonicwall.com/wp-content/uploads/pdf/232-004773-50_RevA_SonicWave231o_RegulatoryLegal_zh-tw.pdf,"Regulatory Guide","Chinese (Traditional)",,,"Secure Wireless Products","SonicWave 200 Series",
"SonicWave 231o 快速入門指南",https://techdocs.sonicwall.com/wp-content/uploads/pdf/232-004492-50_RevA_SonicWave_231o_QuickStartCard_zh-tw.pdf,"Quick Start Guide","Chinese (Traditional)",,,"Secure Wireless Products","SonicWave 200 Series",
"SonicWave 231c 安全、規範和法律資訊",https://techdocs.sonicwall.com/wp-content/uploads/pdf/232-004768-50_RevA_SonicWave231c_RegulatoryLegal_zh-tw.pdf,"Regulatory Guide","Chinese (Traditional)",,,"Secure Wireless Products","SonicWave 200 Series",
"SonicWave 231c 快速入門指南",https://techdocs.sonicwall.com/wp-content/uploads/pdf/232-004487-50_RevA_SonicWave_231c_QuickStartCard_zh-tw.pdf,"Quick Start Guide","Chinese (Traditional)",,,"Secure Wireless Products","SonicWave 200 Series",
"SonicWave 224w 安全、規範和法律資訊",https://techdocs.sonicwall.com/wp-content/uploads/pdf/232-004763-50_RevA_SonicWave224w_RegulatoryLegal_zh-tw.pdf,"Regulatory Guide","Chinese (Traditional)",,,"Secure Wireless Products","SonicWave 200 Series",
"SonicWave 224w 快速入門指南",https://techdocs.sonicwall.com/wp-content/uploads/pdf/232-004482-50_RevA_SonicWave_224w_QuickStartCard_zh-tw.pdf,"Quick Start Guide","Chinese (Traditional)",,,"Secure Wireless Products","SonicWave 200 Series",
"乙太網路供電 (PoE) 轉換器 使用者手冊",https://techdocs.sonicwall.com/wp-content/uploads/pdf/232-003142-52_RevA_SonicWall_PoE_UserGuide_zh-tw.pdf,"User Guide","Chinese (Traditional)",,,"Secure Wireless Products","SonicPoint Series",
