"Email Security 9.1 用户指南",https://techdocs.sonicwall.com/wp-content/uploads/pdf/232-004329-00_RevA_EmailSecurity_9.1_UserGuide_zh-cn.pdf,"User Guide","Chinese (Simplified)",,,"Email Security","Email Security (on-premises)",
"NSA 2600/3600/4600/5600/6600 入门指南",https://techdocs.sonicwall.com/wp-content/uploads/pdf/232-003834-00_RevA_NSA_2600-6600_GettingStartedGuide_zh-cn.pdf,"Getting Started Guide","Chinese (Simplified)",,,Firewalls,"NSA Series",
"NSa 4650/5650/6650 快速入门指南",https://techdocs.sonicwall.com/wp-content/uploads/pdf/232-004353-00_RevA_NSa_4650-5650-6650_QuickStartGuide_zh-cn.pdf,"Quick Start Guide","Chinese (Simplified)",,,Firewalls,"NSa Series",
"NSa 9250/9450/9650 快速入门指南",https://techdocs.sonicwall.com/wp-content/uploads/pdf/232-004358-00_RevA_NSa_9250-9450-9650_QuickStartGuide_zh-cn.pdf,"Quick Start Guide","Chinese (Simplified)",,,Firewalls,"NSa Series",
"Power over Ethernet (PoE) 供电器用户指南",https://techdocs.sonicwall.com/wp-content/uploads/pdf/232-003141-52_RevA_SonicWall_PoE_UserGuide_zh-cn.pdf,"User Guide","Chinese (Simplified)",,,Firewalls,"SonicOS, TZ Series, NSA Series, NSa Series ",
"SMA 12.1 WorkPlace 用户指南",https://techdocs.sonicwall.com/wp-content/uploads/pdf/232-004183-00_RevA_SMA_12.1_WorkPlace_UserGuide_zh-cn.pdf,"User Guide","Chinese (Simplified)",,,"Secure Remote Access","SMA 1000 Series",
"SMA 200/400 入门指南",https://techdocs.sonicwall.com/wp-content/uploads/pdf/232-003915-00_RevA_SMA_200_400_GettingStartedGuide_zh-cn.pdf,"Getting Started Guide","Chinese (Simplified)",,,"Secure Remote Access","SMA 100 Series",
"SMA 8.6 升级指南",https://techdocs.sonicwall.com/wp-content/uploads/pdf/232-003922-00_RevC_SMA_8.6_UpgradeGuide_zh-cn.pdf,"Upgrade Guide","Chinese (Simplified)",,,"Secure Remote Access","SMA 100 Series",
"SMA 8.6 用户指南",https://techdocs.sonicwall.com/wp-content/uploads/pdf/232-003923-00_RevB_SMA_8.6_AdministrationGuide_zh-cn.pdf,"Admin Guide","Chinese (Simplified)",,,"Secure Remote Access","SMA 100 Series",
"SMA 8.6 管理指南",https://techdocs.sonicwall.com/wp-content/uploads/pdf/232-003924-00_RevB_SMA_8.6_UserGuide_zh-cn.pdf,"User Guide","Chinese (Simplified)",,,"Secure Remote Access","SMA 100 Series",
"SOHO 快速入门指南",https://techdocs.sonicwall.com/wp-content/uploads/pdf/232-002834-52_RevA_SOHO_QuickStartGuide_zh-cn.pdf,"Quick Start Guide","Chinese (Simplified)",,,Firewalls,"TZ Series",
"SOHO 无线快速入门指南",https://techdocs.sonicwall.com/wp-content/uploads/pdf/232-002936-51_RevA_SOHO_Wireless_QuickStartGuide_zh-cn.pdf,"Quick Start Guide","Chinese (Simplified)",,,Firewalls,"TZ Series",
"SonicOS 5.9 管理指南",https://techdocs.sonicwall.com/wp-content/uploads/pdf/232-002391-01_RevA_SonicOS_5.9_AdministrationGuide_zh-cn.pdf,"Admin Guide","Chinese (Simplified)",,,Firewalls,"SonicOS, TZ Series, NSA Series, NSa Series, NSsp Series, SuperMassive ",
"SonicOS 6.2 管理指南",https://techdocs.sonicwall.com/wp-content/uploads/pdf/232-002600-02_RevB_SonicOS_6.2_AdministrationGuide_zh-cn.pdf,"Admin Guide","Chinese (Simplified)",,,Firewalls,"SonicOS, TZ Series, NSA Series, NSa Series, NSsp Series, SuperMassive ",
"SonicOS 6.5 关于 SonicOS 管理指南",https://techdocs.sonicwall.com/wp-content/uploads/pdf/232-004128-00_RevA_SonicOS_6.5_About_zh-cn.pdf,"Admin Guide","Chinese (Simplified)",,,Firewalls,"SonicOS, TZ Series, NSA Series, NSa Series, NSsp Series, SuperMassive ",
"SonicOS 6.5 安全配置",https://techdocs.sonicwall.com/wp-content/uploads/pdf/232-004124-00_RevB_SonicOS_6.5_Security_Configuration_zh-cn.pdf,"Admin Guide","Chinese (Simplified)",,,Firewalls,"SonicOS, TZ Series, NSA Series, NSa Series, NSsp Series, SuperMassive ",
"SonicOS 6.5 快速配置",https://techdocs.sonicwall.com/wp-content/uploads/pdf/232-004119-00_RevA_SonicOS_6.5_Quick_Configuration_zh-cn.pdf,"Admin Guide","Chinese (Simplified)",,,Firewalls,"SonicOS, TZ Series, NSA Series, NSa Series, NSsp Series, SuperMassive ",
"SonicOS 6.5 日志和报告",https://techdocs.sonicwall.com/wp-content/uploads/pdf/232-004121-00_RevA_SonicOS_6.5_Logs_and_Reporting_zh-cn.pdf,"Admin Guide","Chinese (Simplified)",,,Firewalls,"SonicOS, TZ Series, NSA Series, NSa Series, NSsp Series, SuperMassive ",
"SonicOS 6.5 更新",https://techdocs.sonicwall.com/wp-content/uploads/pdf/232-004127-00_RevA_SonicOS_6.5_Update_zh-cn.pdf,"Admin Guide","Chinese (Simplified)",,,Firewalls,"SonicOS, TZ Series, NSA Series, NSa Series, NSsp Series, SuperMassive ",
"SonicOS 6.5 监控",https://techdocs.sonicwall.com/wp-content/uploads/pdf/232-004125-00_RevA_SonicOS_6.5_Monitoring_zh-cn.pdf,"Admin Guide","Chinese (Simplified)",,,Firewalls,"SonicOS, TZ Series, NSA Series, NSa Series, NSsp Series, SuperMassive ",
"SonicOS 6.5 策略",https://techdocs.sonicwall.com/wp-content/uploads/pdf/232-004120-00_RevA_SonicOS_6.5_Policies_zh-cn.pdf,"Admin Guide","Chinese (Simplified)",,,Firewalls,"SonicOS, TZ Series, NSA Series, NSa Series, NSsp Series, SuperMassive ",
"SonicOS 6.5 系统设置",https://techdocs.sonicwall.com/wp-content/uploads/pdf/232-004123-00_RevA_SonicOS_6.5_System_Setup_zh-cn.pdf,"Admin Guide","Chinese (Simplified)",,,Firewalls,"SonicOS, TZ Series, NSA Series, NSa Series, NSsp Series, SuperMassive ",
"SonicOS 6.5 调查",https://techdocs.sonicwall.com/wp-content/uploads/pdf/232-004126-00_RevA_SonicOS_6.5_Investigation_zh-cn.pdf,"Admin Guide","Chinese (Simplified)",,,Firewalls,"SonicOS, TZ Series, NSA Series, NSa Series, NSsp Series, SuperMassive ",
"SonicOS 6.5 连接",https://techdocs.sonicwall.com/wp-content/uploads/pdf/232-004122-00_RevB_SonicOS_6.5_Connectivity_zh-cn.pdf,"Admin Guide","Chinese (Simplified)",,,Firewalls,"SonicOS, TZ Series, NSA Series, NSa Series, NSsp Series, SuperMassive ",
"SonicOS 6.5.1 日志事件 参考指南",https://techdocs.sonicwall.com/wp-content/uploads/pdf/232-004443-00_RevA_SonicOS_6.5.1_LogEvents_ReferenceGuide_zh-cn.pdf,"Admin Guide","Chinese (Simplified)",,,Firewalls,"SonicOS, TZ Series, NSA Series, NSa Series, NSsp Series, SuperMassive ",
"SonicPoint ACe 入门指南",https://techdocs.sonicwall.com/wp-content/uploads/pdf/232-002792-52_RevA_SonicPointACe_GettingStartedGuide_zh-cn.pdf,"Getting Started Guide","Chinese (Simplified)",,,"Secure Wireless Products","SonicPoint Series",
"SonicPoint ACi 入门指南",https://techdocs.sonicwall.com/wp-content/uploads/pdf/232-002793-52_RevA_SonicPointACi_GettingStartedGuide_zh-cn.pdf,"Getting Started Guide","Chinese (Simplified)",,,"Secure Wireless Products","SonicPoint Series",
"SonicPoint N2 入门指南",https://techdocs.sonicwall.com/wp-content/uploads/pdf/232-002794-52_RevA_SonicPointN2_GettingStartedGuide_zh-cn.pdf,"Getting Started Guide","Chinese (Simplified)",,,"Secure Wireless Products","SonicPoint Series",
"SonicWall TZ300P/TZ600P 快速入门指南",https://techdocs.sonicwall.com/wp-content/uploads/pdf/232-004587-50_RevA_TZ300P-TZ600P_QuickStartGuide_zh-cn.pdf,"Quick Start Guide","Chinese (Simplified)",,,Firewalls,"TZ Series",
"SonicWave 432e 和 SonicWave 432i 入门指南",https://techdocs.sonicwall.com/wp-content/uploads/pdf/232-001666-50_RevA_SonicWave_432e_432i_GSG_zh-cn.pdf,"Quick Start Guide","Chinese (Simplified)",,,"Secure Wireless Products","SonicWave 400 Series",
"SonicWave 432o 入门指南",https://techdocs.sonicwall.com/wp-content/uploads/pdf/232-001671-50_RevA_SonicWave_432o_GettingStartedGuide_zh-cn.pdf,"Getting Started Guide","Chinese (Simplified)",,,"Secure Wireless Products","SonicWave 400 Series",
"SuperMassive 9200/9400/9600 入门指南",https://techdocs.sonicwall.com/wp-content/uploads/pdf/232-003813-00_RevA_SuperMassive_9200-9400-9600_GettingStartedGuide_zh-cn.pdf,"Getting Started Guide","Chinese (Simplified)",,,Firewalls,"TZ Series",
"TZ300 / TZ300 无线快速入门指南",https://techdocs.sonicwall.com/wp-content/uploads/pdf/232-002937-51_RevA_TZ300_300W_QuickStartGuide_zh-cn.pdf,"Quick Start Guide","Chinese (Simplified)",,,Firewalls,"TZ Series",
"TZ400 / TZ400 无线快速入门指南",https://techdocs.sonicwall.com/wp-content/uploads/pdf/232-002938-51_RevA_TZ400_400W_QuickStartGuide_zh-cn.pdf,"Quick Start Guide","Chinese (Simplified)",,,Firewalls,"TZ Series",
"TZ500 / TZ500 无线快速入门指南",https://techdocs.sonicwall.com/wp-content/uploads/pdf/232-002939-51_RevA_TZ500_500W_QuickStartGuide_zh-cn.pdf,"Quick Start Guide","Chinese (Simplified)",,,Firewalls,"TZ Series",
"TZ600 快速入门指南",https://techdocs.sonicwall.com/wp-content/uploads/pdf/232-002851-52_RevA_TZ600_QuickStartGuide_zh-cn.pdf,"Quick Start Guide","Chinese (Simplified)",,,Firewalls,"TZ Series",
"适用于 Android 的 Mobile Connect 5.0 用户指南",https://techdocs.sonicwall.com/wp-content/uploads/pdf/232-004163-00_RevA_MobileConnect_5.0_Android_UserGuide_zh-cn.pdf,"User Guide","Chinese (Simplified)",,,"SSL VPN Clients","Mobile Connect",
"适用于 iOS 的 Mobile Connect 5.0 用户指南",https://techdocs.sonicwall.com/wp-content/uploads/pdf/232-004165-00_RevA_MobileConnect_5.0_iOS_UserGuide_zh-cn.pdf," User Guide","Chinese (Simplified)",,,"SSL VPN Clients","Mobile Connect",
"Global VPN Client 4.10 入门指南",https://techdocs.sonicwall.com/wp-content/uploads/pdf/232-003943-00_RevA_GlobalVPNClient_4.10_GettingStartedGuide_zh-cn.pdf,"Getting Started Guide","Chinese (Simplified)",,,"Secure Remote Access","VPN Client",
"Global VPN Client 4.10 管理员指南",https://techdocs.sonicwall.com/wp-content/uploads/pdf/232-003878-00_RevA_GlobalVPNClient_4.10_AdminGuide_zh-cn.pdf,"Admin Guide","Chinese (Simplified)",,,"Secure Remote Access","VPN Client",
"SMA SMA 500v 虚拟设备 8.6 入门指南","https://techdocs.sonicwall.com/wp-content/uploads/pdf/232-003925-00_RevA_SMA 500v_8.6_GSG_zh-cn.pdf","Getting Started Guide","Chinese (Simplified)",,,"Secure Remote Access","SMA 100 Series",
"SonicOS 5.9 升级指南",https://techdocs.sonicwall.com/wp-content/uploads/pdf/232-002300-01_RevA_SonicOS_5.9_UpgradeGuide_zh-cn.pdf,"Upgrade Guide","Chinese (Simplified)",,,Firewalls,"SonicOS, TZ Series, NSA Series, NSa Series, NSsp Series, SuperMassive ",
"SonicOS 6.2 升级指南",https://techdocs.sonicwall.com/wp-content/uploads/pdf/232-002698-01_RevA_SonicOS_6.2_UpgradeGuide_zh-cn.pdf,"Upgrade Guide","Chinese (Simplified)",,,Firewalls,"SonicOS, TZ Series, NSA Series, NSa Series, NSsp Series, SuperMassive ",
"X 系列解决方案部署指南",https://techdocs.sonicwall.com/wp-content/uploads/pdf/232-003912-00_RevA_SonicOS_6.2_X-Series_Solution_DeploymentGuide_zh-cn.pdf,"Deployment Guide","Chinese (Simplified)",,,Firewalls,"SonicOS, TZ Series, NSA Series, NSa Series, NSsp Series, SuperMassive ",
"内容过滤客户端 3.1 代理指南",https://techdocs.sonicwall.com/wp-content/uploads/pdf/232-003870-00_RevA_CFC_3.1_AgentGuide_zh-cn.pdf,"Agent Guide","Chinese (Simplified)",,,"Endpoint Security","Content Filtering Client",
"内容过滤客户端 3.1 入门指南",https://techdocs.sonicwall.com/wp-content/uploads/pdf/232-003869-00_RevA_CFC_3.1_GettingStartedGuide_zh-cn.pdf,"Getting Started Guide","Chinese (Simplified)",,,"Endpoint Security","Content Filtering Client",
"反垃圾邮件桌面系统 6.7.0 快速入门指南",https://techdocs.sonicwall.com/wp-content/uploads/pdf/232-003954-00_RevA_AntiSpam_Desktop_6.7.0_QuickStartGuide_zh-cn.pdf,"Quick Start Guide","Chinese (Simplified)",,,"Email Security","Hosted Email Security ",
"实施的客户端策略和报告服务器 2.3 管理指南",https://techdocs.sonicwall.com/wp-content/uploads/pdf/232-003858-00_RevA_EPRS_2.3_AdministrationGuide_zh-cn.pdf,"Admin Guide","Chinese (Simplified)",,,"Email Security","Email Security (on-premises)",
"SOHO 250 和 SOHO 250W 快速入门指南",https://techdocs.sonicwall.com/wp-content/uploads/pdf/232-004637-50_RevA_SOHO_250_250w_QuickStartGuide_zh-cn.pdf,"Quick Start Guide","Chinese (Simplified)",,,Firewalls,"TZ Series",
"TZ350 和 TZ350 W 快速入门指南",https://techdocs.sonicwall.com/wp-content/uploads/pdf/232-004642-50_RevA_TZ350_350W_QuickStartGuide_zh-cn.pdf,"Quick Start Guide","Chinese (Simplified)",,,Firewalls,"TZ Series",
"TZ300P/TZ600P 快速入门指南",https://techdocs.sonicwall.com/wp-content/uploads/pdf/232-004587-50_RevA_TZ300P-TZ600P_QuickStartGuide_zh-cn.pdf,"Quick Start Guide","Chinese (Simplified)",,,Firewalls,"TZ Series",
"SonicWave 231o 安全、监管和法律信息",https://techdocs.sonicwall.com/wp-content/uploads/pdf/232-004772-50_RevA_SonicWave231o_RegulatoryLegal_zh-cn.pdf,"Regulatory Gyude","Chinese (Simplified)",,,"Secure Wireless Products","SonicWave 200 Series",
"SonicWave 231o 快速入门指南",https://techdocs.sonicwall.com/wp-content/uploads/pdf/232-004491-50_RevA_SonicWave_231o_QuickStartCard_zh-cn.pdf,"Quick Start Guide","Chinese (Simplified)",,,"Secure Wireless Products","SonicWave 200 Series",
"SonicWave 231c 安全、监管和法律信息",https://techdocs.sonicwall.com/wp-content/uploads/pdf/232-004767-50_RevA_SonicWave231c_RegulatoryLegal_zh-cn.pdf,"Regulatory Gyude","Chinese (Simplified)",,,"Secure Wireless Products","SonicWave 200 Series",
"SonicWave 231c 快速入门指南",https://techdocs.sonicwall.com/wp-content/uploads/pdf/232-004486-50_RevA_SonicWave_231c_QuickStartCard_zh-cn.pdf,"Quick Start Guide","Chinese (Simplified)",,,"Secure Wireless Products","SonicWave 200 Series",
"SonicWave 224w 安全、监管和法律信息",https://techdocs.sonicwall.com/wp-content/uploads/pdf/232-004762-50_RevA_SonicWave224w_RegulatoryLegal_zh-cn.pdf,"Regulatory Gyude","Chinese (Simplified)",,,"Secure Wireless Products","SonicWave 200 Series",
"SonicWave 224w 快速入门指南",https://techdocs.sonicwall.com/wp-content/uploads/pdf/232-004481-50_RevA_SonicWave_224w_QuickStartCard_zh-cn.pdf,"Quick Start Guide","Chinese (Simplified)",,,"Secure Wireless Products","SonicWave 200 Series",
"SonicWave 432o 安全、規範和法律資訊",https://techdocs.sonicwall.com/wp-content/uploads/pdf/232-004827-50_RevA_SonicWave432o_RegulatoryLegal_zh-cn.pdf,"Regulatory Gyude","Chinese (Simplified)",,,"Secure Wireless Products","SonicWave 400 Series",
"SonicWave 432o 快速入門指南",https://techdocs.sonicwall.com/wp-content/uploads/pdf/232-004810-50_RevA_SonicWave_432o_QuickStartCard_zh-cn.pdf,"Quick Start Guide","Chinese (Simplified)",,,"Secure Wireless Products","SonicWave 400 Series",
"SonicWave 432i 安全、規範和法律資訊",https://techdocs.sonicwall.com/wp-content/uploads/pdf/232-004817-51_RevA_SonicWave432i_RegulatoryLegal_zh-cn.pdf,"Regulatory Gyude","Chinese (Simplified)",,,"Secure Wireless Products","SonicWave 400 Series",
"SonicWave 432i 快速入門指南",https://techdocs.sonicwall.com/wp-content/uploads/pdf/232-004800-51_RevA_SonicWave_432i_QuickStartCard_zh-cn.pdf,"Quick Start Guide","Chinese (Simplified)",,,"Secure Wireless Products","SonicWave 400 Series",
"SonicWave 432e 安全、規範和法律資訊",https://techdocs.sonicwall.com/wp-content/uploads/pdf/232-004822-51_RevA_SonicWave432e_RegulatoryLegal_zh-cn.pdf,"Regulatory Gyude","Chinese (Simplified)",,,"Secure Wireless Products","SonicWave 400 Series",
"SonicWave 432e 快速入門指南",https://techdocs.sonicwall.com/wp-content/uploads/pdf/232-004805-51_RevA_SonicWave_432e_QuickStartCard_zh-cn.pdf,"Quick Start Guide","Chinese (Simplified)",,,"Secure Wireless Products","SonicWave 400 Series",
,https://techdocs.sonicwall.com/wp-content/uploads/pdf/,,,,,,,
,https://techdocs.sonicwall.com/wp-content/uploads/pdf/,,,,,,,
,https://techdocs.sonicwall.com/wp-content/uploads/pdf/,,,,,,,
